id,name,genre,country,debut_year
6c5a20dd-5168-40c9-92a5-2d62874a07ee,Gain many anyway to,World,Belgium,1955
67b2ff8a-0b34-4bc0-95ff-13077120f890,Group out,Dubstep,Austria,1987
bf0ffb32-463e-4d99-8518-b62108866607,Anyone whichever each line,Country,Argentina,2021
585d4321-dc82-4dc8-8474-d1d94e9b0f90,To far twist,Techno,Poland,1921
fd897e2b-b0ca-476d-8f62-27e4228a4d1e,Run string yesterday,Progressive,Colombia,1937
e8a951fe-8a17-474f-b652-6916172806f0,Part your is,Folk,Germany,1921
0cf4cd94-b23e-4873-bcd0-61e7fe6f4b74,To,Chamber,Norway,2017
8c84d187-d134-45fe-a2e9-5e7941443b05,Where finally murder my,Techno,Ireland,1954
61669db1-a9df-4b06-8cf1-e83f7d66a747,Been,Traditional,Malaysia,1930
f3041aa8-657c-4622-9577-09f88fd4475e,As ball herself hundred,R&B,Serbia,1927
4ff07f8c-27b3-4b3b-8574-b6b9ee2724a1,Whoa oil as do,Crossover,Croatia,1993
24da9dc6-a89c-4077-8924-6ed0a4886249,Least what pad move,Progressive,France,1942
40a7ac7d-a949-4273-880d-72fbc3afe78b,Throughout music constantly day,Metal,Croatia,1976
d98648f5-0a74-4801-b9fd-5df566f7b08a,Someone,Country,Japan,2014
97a9d235-848f-4d69-a988-3ad7993c839d,Potato myself,Soul,Slovakia,2009
2e4bd348-cfe7-4a28-9c4f-177ceae3ff2a,Rarely example,Chamber,Slovakia,1935
0e47066e-86d7-4173-a4ea-dda17881d58b,Down nightly why previously,Pop,Austria,1996
d6f3c7fa-2ddf-4ebf-a9d7-e258a107061e,Weekly tribe down ourselves,Alternative Hip-hop,United Arab Emirates,2004
14573728-18ac-4f55-812e-12906795e3b0,Then deeply lonely pain,Hard Rock,Sweden,1957
d3ce4f4d-d9c9-472c-b1c3-058c7b801ba3,Them me which seldom,Ska,Netherlands,1988
c6b2e214-8272-451e-a7db-cd4ec6f7218b,We last,Reggae,Australia,1999
bc2631c4-5a70-44a3-89e8-b3e42d830b01,Due its Burmese,Psychedelic Rock,France,1979
33c8e56c-b919-486d-baf5-2ef82c2d5db0,Woman,Folk,Italy,2006
41fac3b3-839e-483a-b087-2fe9db7580de,Nobody indeed scold,Techno,India,2018
fdaf6722-ee79-48c5-a1c3-2b4bc1faa04b,Me wildly theirs,Celtic,Czech Republic,1984
808229d6-d1e2-4805-8a89-3dd21b72006d,Throughout,Gothic,Greece,2002
5155ce8c-b155-41ad-b4d4-f108eedb9728,Other,Country,Ireland,2001
9fcf558f-1848-44f8-94fe-504872920162,Oxygen look,Traditional,Norway,1980
322c75a5-6943-4b5d-ae23-d062537afc0f,Pounce someone,Techno,United Kingdom,1970
e252fded-fefb-46e4-b89b-82f15de37e5a,Yay much few,Traditional,South Korea,1966
4b9e01b9-572c-4134-b82b-4acd2e512aff,That there pack,Disco,Mexico,1974
269118d4-ac9a-4e39-a480-28b22f61d1e4,Secondly whom,Country,United Kingdom,1998
8df5caa7-ff6d-4a2d-9ee5-7ed8ac3029db,Bathe,Punk,Portugal,1922
42278103-2713-457d-91a0-332e02f50702,Your towards,Metal,Mexico,2023
f3f48f64-1aaf-4ff5-91f5-36ff3f24493a,Camp nightly been sharply,Crossover,Czech Republic,1978
62821be3-42d6-48c0-993d-83f3f64de951,You cloud fact little,Pop,Serbia,1972
598cca73-7543-4f09-a7c9-a965377d92b7,Nightly,Chamber,Thailand,1979
88d85ab5-54f3-4018-87fe-fd921ca1ccc0,No it his this,Reggae,Norway,1952
0ae436fb-e780-44c7-8aff-16a79fbf369b,Other whose,Pop,Vietnam,2021
ca73ca68-9a99-401a-a2c5-39e9de65c9f0,Its not which,Rock,Brazil,1922
62f6b6e1-5e81-40e1-94eb-f5df6e18b25e,Lastly down who how,Celtic,Switzerland,1926
41b73aec-0538-441c-9413-a4b9d403d901,Calm,Dance,Portugal,1921
974672ae-28f2-4a05-b6dd-fcb54d079204,Safety fly whose,Trance,Norway,2019
5feb7789-68bc-49ee-8b91-1b3978700e4c,Words instance cut a,Indie,Ukraine,2016
b80aaece-d158-41f1-8be8-47545c063a55,Whoever spit above,Progressive,Russia,1999
872ab6cf-1f31-4fd0-b6b7-709060a4c1a4,Creepy,New Age,India,1984
578aecdd-a207-47c8-b9aa-049f594b4c26,Something,Crossover,United Arab Emirates,1982
809a1e04-4924-4662-bbb5-505e8830dc5f,Below can,Funk,Ukraine,2018
31fd1eb6-49dc-4f0a-b95d-8d520dfb20f7,Lately,Trance,Ukraine,1950
89fd0b71-05a6-4558-965a-a667cf00042c,In beneath who fortnightly,Trance,New Zealand,1940
214c25cd-63f4-4516-9ed4-7f14c38e6c52,Indoors daily,Rock,Norway,1946
463335d8-33d1-4a74-af42-23f5326e44bc,Through out moreover,Metal,South Africa,1967
ef8f2b1f-d586-490d-b791-5cd80c042d20,Hers,Indie,Mexico,1952
d6c91b2b-7911-4634-bb48-ac0fd529e1c3,Their mine entirely this,Rap,Netherlands,2012
41292ef4-55dd-47c5-8af3-608434d1ea4a,Besides,Classical,Netherlands,2023
ca74099b-4861-4625-b376-a659537cd2d7,Out none,Musical Theatre,Brazil,2020
8d026839-5733-4f6d-b295-58c51e489db5,Being on,Classical,Germany,1925
3f88b862-56d9-4ca5-939b-a8c8d6a7acf2,His does,Chamber,Australia,1922
ddf48130-1d6d-422b-9042-8b86a0de6fe3,Board,Ambient,Chile,1966
d1937867-4c56-422b-b712-37d2ec222d4a,Someone now beauty,Disco,Slovenia,1963
a34720ab-0cc5-45a8-a174-09a4835031ea,Ours behind enough,Alternative,Turkey,1960
ccd436b0-6914-41c2-9de1-50c209ff4211,Some whose,Rap,Switzerland,1985
1b45e494-0028-4cee-bf8d-3b66b856a38e,Apart,Dubstep,Croatia,2009
c68bbb50-4eec-4d55-96d6-1f7db58c7342,Then substantial company,Disco,Netherlands,2007
6a2469a2-a413-42c2-be61-726f8a554022,Run loudly work that,Rock,Slovakia,1943
26f11513-79d8-41df-9d96-40a64154fb38,Which,Hard Rock,Switzerland,1950
68394f25-cb88-44fe-8875-d3ddc4a7b4d9,That,Pop,United Arab Emirates,1984
fa0366e8-4d98-458c-a210-6ca90fe1241b,So,New Age,Bulgaria,1939
48623a86-fbaa-4146-8654-cbef325fe4b2,This,Rock,Italy,1935
214b9f67-f454-4758-a0ac-fe75ff7f3209,Whoever,Synth-pop,Spain,2009
b4c4bb2d-5f37-4a47-9925-a1da29d360b1,Chinese,Dance,South Africa,1927
75c4d676-b340-4f2e-9466-0010143a0800,Nutty raise,Hardcore,Malaysia,1945
514ceaf1-3de0-4f5a-adb4-dd3acc5c02a2,Choir,Acoustic,Singapore,1972
6d47bb6c-5028-46e4-b006-c8b1efbbb8cc,Mine me book,Trance,United Arab Emirates,1934
7601e7e8-b86a-47ad-a86b-8110695007c5,Late,Reggae,Chile,1968
d0d0d305-053e-4f3b-98f0-1d74e2da3e76,Victoriously this,Classical,Ukraine,1938
8c7f1a27-b976-439c-8946-89478eb2d8ed,Earlier,Latin,Russia,1944
fec16d36-da58-4e68-bdf3-9da70fbec0e7,Including,Alternative Hip-hop,France,1945
bbc3048e-2322-45d3-93d0-3dc45af0a8f7,Frequently,Alternative Hip-hop,South Africa,1946
5fe9f33b-01e5-42e2-9766-869745bd3379,Wearily,R&B,Sweden,1983
2ec31513-95ea-4e39-8b09-a0a3e9dcccc2,Lately exaltation,Crossover,Israel,2012
a93c185c-d21d-48cb-b563-b4b581243939,Strongly ingeniously all fortnightly,Punk,Romania,1961
cf208db8-b911-48a4-a6d5-daaf0bc73875,Water ours stand,Funk,Germany,1945
45abd67e-86ad-407c-b7ae-27fea55d8cff,Honestly none london,Dubstep,South Africa,1966
ac5b22bd-dcb6-4013-ae9f-7a5aa8e6de8d,Lack,Alternative Hip-hop,Sweden,1935
a6229b6e-6799-44cd-986f-577d087d414d,You of,Dubstep,Spain,2008
6aae297e-665c-416d-be8d-48b92dca189a,Weight theirs quarterly,Pop,Sweden,1992
49ac817a-93d1-4e57-9c0e-75b71e0c81d7,I.e. that usually mine,Ambient,Ireland,1932
20ef974f-8929-4a9a-8b72-04b46ff22b32,Finally party love,Reggae,Israel,1976
97cfa570-e380-4662-9ef2-236ec200d4c2,Hatred French,Pop,Slovakia,1950
58d3f394-7fdc-40ba-9beb-6ef9e8acd73c,All,Country,New Zealand,1984
d73e9aa8-e130-4167-9a73-ffd5fd455e20,Annually his clump,New Age,Germany,2013
b194984c-c46c-4ee8-b02b-8c5cc40e217b,But other would,Progressive,Finland,1937
fd2c0f1d-1c67-4e8d-8e0c-8196df81c909,Smell shrimp those,Traditional,Colombia,2012
2625a79e-a65a-4580-ab11-23d49918555d,Comfort here munch,Punk,Mexico,1948
7a85d3cf-f792-416a-ae4b-eef835bcbbc4,Barely that,Disco,Netherlands,2006
1572896c-5d63-4369-b963-f51e5f5a6ad9,Annually scold also much,Reggae,Spain,1994
58f46d50-05a8-4649-af8e-2089bcdfd7a9,This to warm,Gothic,Poland,2019
82862f1d-222e-4665-a88a-199cf7855ead,Chapter nutty already,Chamber,Canada,1964
1da98c06-8f68-497c-9280-19787746bd25,Nearly Aristotelian there,Metal,Switzerland,1963
92ccd218-12d4-469f-97ec-eabd322a2e01,She end,Folk,Chile,1958
a930ec91-164a-4661-af0f-5ff1c6687576,Ourselves,Latin,Czech Republic,1965
cff696b3-ba46-4875-9e3f-0b745053589c,Rather ever himself win,Classical,Serbia,2022
529aca3e-339d-4176-95e4-1240912256fb,To stand it down,Reggae,Philippines,1933
08ae1160-5f88-4bfd-83fa-5925f0545da4,Which the many,Blues,United Arab Emirates,1928
91c706c1-fa7a-484a-90fd-d83290244ca1,Recently there,Rock,Denmark,1984
6a111f94-a596-4b7a-8a78-8406e215b740,Effect research,Chamber,Turkey,2023
53c21ae6-ae33-4e11-ad9c-760582143a39,Team dentist,Celtic,Russia,1938
1eae4e1b-afb0-4b57-8e4c-2679c990740c,Huh by nevertheless,Disco,Bulgaria,1986
40ebafed-946d-47c3-aa65-96cd79263cdf,It addition for her,Techno,China,1980
8398ad42-c9a2-4b39-adef-ccf503048935,Easily stand,Punk,India,1940
5fc801c8-ba89-4fea-89ed-168310099ef2,Prickling,R&B,New Zealand,1971
9e7a63c7-ec07-4a25-a131-929cfefb3942,Would,Funk,Thailand,1963
00872132-7a84-41ed-a77c-e73a62dcdac6,Strongly yours follow,Soul,Vietnam,1932
7a6226e6-62c8-424c-b2b3-0715b67cdbae,Army towards of,Classical,Vietnam,1993
ab2c9731-9cc8-43d3-8adf-006f7844e57a,To quiver otherwise,Funk,Germany,1920
bb5281f5-5448-453e-af6f-724456e5c21b,Nevertheless day,Techno,Poland,2001
1163bfd6-eb99-4f3a-8472-f07151e06390,Aha Plutonian,Musical Theatre,Russia,1947
11e3b8d5-87ee-4c47-ab7c-5a50602c4168,Cost e.g. to,Jazz,Brazil,2021
e4f14bd4-d3b1-4d2d-bfdd-957d10da4cc1,Yay for quiver troop,Crossover,Slovenia,2014
e8022f25-5833-47c0-8e23-bb54c23ffa4a,E.g. monthly oops,Celtic,Sweden,2022
50da7f82-d1f9-4e58-9110-ce73d11c2b8a,Now,Classical,Sweden,1988
a6e8b9d3-dffa-4fe6-95b4-79cf37e2af63,He did now wood,Indie,Finland,2021
2a1ee6e2-920b-4c4d-94d0-dcf67543f1e8,Pair catalog to point,Ska,Thailand,1937
d555f00a-40ac-468a-8ea9-6bbd417ba52e,Somebody suit,New Age,France,2014
15df8dbe-8ce0-41ea-bdb6-20ad87ea2fc4,Where equally,Blues,Ireland,1966
9543869f-2b0c-4d9f-be4b-aa439e6df5bf,Sometimes,Dubstep,Canada,1974
c3e5c63d-be0b-4fea-a41b-f1e18c3627d4,Many because goal,Psychedelic Rock,Argentina,1921
faac9387-b706-4b20-a63f-c1e8042f23c3,What never week ouch,Psychedelic Rock,Russia,1929
c0eae5f8-8a33-4035-9a38-a05291fa07c9,Then surprise,Ska,Colombia,1974
147e91ae-2ef2-4a44-9129-97ea213be9b4,Yesterday we,Ska,Finland,1958
b86d01a8-9254-4c4d-83ea-063078737832,Lastly anything each I,Crossover,Mexico,1988
b1fc13b1-3789-4ab3-bfa7-118f52bf9494,What by recently,New Age,Denmark,1958
85b78954-a4b2-4518-9b5d-b4098603a587,Whose this when,Ambient,Israel,1943
8a9d1c3d-4903-4306-9eb5-8da35ed1026e,Anybody,Hardcore,Malaysia,1944
263ea321-a451-4703-81bb-ddd3ef28ae97,Plain,Disco,Japan,2019
b7dd03ee-97e5-4681-bb63-acda6964d223,Irritation cooperative,Folk,Colombia,1974
ee8dba8b-7698-4f14-8b5d-75d9ee5e62e3,Yourself example,Dance,Italy,1989
abd3cc29-8495-4e0c-becf-f9248672242c,Guest everybody hand,Rap,Germany,1999
b52428ec-f7d1-42a6-ab8a-d717df538009,Respond substantial,Electronic,Argentina,1961
540e0956-5c00-4ff2-868b-615bafaf4c0c,Accordingly mustering,Chamber,South Korea,2019
53a05cb1-b9c8-4f3d-97f9-f30b16d78e6c,Are quietly Himalayan,Dubstep,Bulgaria,1949
108e30e1-f554-4a7b-b9d3-74ae2cf08504,Nevertheless,Soul,Slovenia,1965
634e3ea7-e431-402e-8530-285d4bf01c6d,Army,World,Belgium,1996
d9976ab1-c7e5-469d-aad3-030f560a38cd,Honestly how,Celtic,France,1991
96082103-7e20-4409-bd61-f2deb6fb11d1,You onto,Hardcore,Russia,1932
82fc735d-190b-403f-b9e3-239d304d6732,Window,Punk,Canada,1998
98f7d7fa-c99e-4fe2-b382-b2051ec53935,Oops firstly was,Jazz,Vietnam,1973
4806dc45-3e3e-4b4a-9a2a-3fb69ddd883d,Certain seldom everyone,R&B,Israel,2011
a07b7ae8-5752-438a-a197-b87a7707d209,Courageous whose,Metal,New Zealand,1991
ec4b918d-604e-460a-8a04-ecb7134bcdd7,His eventually but nothing,Rap,Czech Republic,1977
3d0a6eac-d344-4efe-aa90-01f397e5328f,Today before,Reggae,Thailand,1988
12d5ef64-d6eb-41f2-a19f-f464359bac25,Problem relax several orange,Indie,Belgium,2024
cf8a3413-9991-40c5-b60f-de848c29f0e3,Dig themselves them,Classical,Brazil,2024
bfb9e509-655c-44c6-963d-bf13d954fd71,Occasionally Muscovite walk thoroughly,Reggae,Australia,1962
c94b76cd-d349-42e8-a4c3-ac042bbbda55,Hey what,Synth-pop,Norway,1960
0b6b6d59-5207-444e-9b1d-9cdaee44f19a,Within,Dance,Netherlands,1973
9bcf4ec0-e875-4026-9e35-7dd9e4310ace,Finally,Dubstep,Vietnam,1987
ecbc0894-e7d3-4c06-8b48-2790aaf610f4,Previously disgusting day tickle,Metal,New Zealand,1950
3b76c03e-33d0-4a64-94f6-1aa4e72e998f,Its our,Dance,South Africa,2000
8a152e43-71bb-4e31-9d06-a1373a8c31be,Bunch preen,Celtic,Czech Republic,1943
9607db9a-95de-4e7e-ad41-31d678c7cec3,Sleep that stay,Rock,Denmark,1980
b8840592-b9cc-43c6-be42-47f1f3964be2,On it catalog why,Alternative,France,1969
796a46e8-730e-4f56-888f-9865ba3ad692,Troupe including elegantly then,Rap,United Kingdom,1942
0eb8e619-6af5-47cd-b47d-701cb572a37e,Scold article our,Alternative,Sweden,1924
c1901604-3e5a-4581-9fdb-9e266f34fc38,Somebody exaltation person,Techno,Bulgaria,1925
35490c11-2180-4950-ae0f-b6f00515914b,Those yours,Ska,Thailand,2016
b410de78-63fd-44c3-a086-55ee25cc94c5,Over from,R&B,Spain,1937
5762d0f0-185b-4031-b1de-611f92c6fbc6,Where,Soul,Chile,1985
0235d276-f5da-48d8-bfab-991df9301178,Her for American twist,Metal,Serbia,1948
5b23f7c2-30f6-485a-8633-46c468ddd2b8,Himself however,Hardcore,South Korea,2015
bcdfa3c4-04c2-443c-b80c-111fd55a2f87,Goodness box besides,Ska,Malaysia,1966
54f6fefe-7272-410a-ab25-b963c7f72616,Constantly block e.g.,Hip-hop,Japan,2018
101957df-4aa3-4a2b-9e36-b34348969956,By,Hip-hop,Brazil,2008
e3df8ca0-f692-4a60-a611-4066c64e9a1e,Whom deceive,Synth-pop,Finland,1970
526140fb-c528-47f1-a959-fefb892d21fc,Last baby,New Age,Poland,1979
0e965000-09a6-4ced-b2e1-40d430b2b62c,Would powerfully,Chamber,South Korea,1936
44aeb96a-f334-4b8a-854c-283673b02a48,Cup wait,Hip-hop,Mexico,1933
255aed7a-09c0-41d0-83d8-1593e62772f6,Later,Dance,Russia,1989
c0813b55-8f67-4019-b138-a54c069a4ebb,First whose,Lounge,India,2015
b098daa3-069a-409e-8975-ecd1d68faef5,Lastly,R&B,Serbia,1960
8d40d611-4de2-47be-b7af-8ec914c7e80f,Woman for,Jazz,United Kingdom,1981
4d3a1edb-c453-428b-b633-97bf8b6fd186,Next,Country,Spain,2021
8ee63e87-a247-4b10-aa35-e65a1390b741,We many warmth quarterly,Synth-pop,South Africa,1989
e098f3f1-94ed-4b36-91d6-92280147f59c,Enormously any comfortable herself,Metal,Germany,1992
385e2dcd-4669-46e7-93d3-9b3fa642c7e6,Thing over climb intensely,Musical Theatre,Argentina,1972
60127989-1362-4742-be2c-b3c0c2a63d34,Day,Musical Theatre,South Africa,1986
214f27c4-758d-48f4-a148-6b1f39483267,Regularly shy warm,Electronic,Austria,1952
cd16e992-fcb1-42c9-ab72-e47de75c2177,Plenty her,Rap,Mexico,1967
c64b400d-8618-4255-a3f6-07a893454247,Sit whoa city of,Lounge,South Korea,1945
876ddd37-8a1c-4fc3-925e-5ed485626401,I riches such both,Dubstep,Russia,1984
6f5458f3-6393-4c9e-b555-2cd30b09a3f8,Bundle,Reggae,Thailand,1920
9e93ff64-674c-4f96-af48-23274f4b4b01,Kiss tomorrow growth today,Latin,South Korea,1987
1ae76fa4-6333-48f0-9062-544165657569,Those when as am,Lounge,Philippines,1952
3c1d0013-7877-4459-9eb2-29283229c225,Class Madagascan this how,Psychedelic Rock,Serbia,1942
19eaa998-ae82-4549-badf-6f8304f3e8c5,It obedient these is,Alternative Hip-hop,Argentina,1998
73ae72e5-e9fa-4654-b0b7-6929a53b2b0a,These bikini,Celtic,Greece,1995
140990d2-c415-4861-8784-38fe1b7cac76,Should,Alternative,China,1976
e0b24143-8bd5-4532-a945-3a9111949337,Why deeply late in,Ska,Romania,2018
0617612c-4f63-4ad6-bb9f-42e5913b12b4,Back,Musical Theatre,Austria,1993
06a95603-8033-493a-83d4-b54df49017fa,Stand,Synth-pop,China,1946
6d5f92d5-ad2c-41c0-9b8b-00e513b3249f,Choir from,Dubstep,United Arab Emirates,1951
2d359d51-0ab9-4e36-915f-41b6fd0a91bf,Most each yikes these,Progressive,Bulgaria,1942
a62c129c-27b0-4d84-95b0-8c7d15fe7b0b,Hair constantly,Ambient,Thailand,1989
6b5eb4e3-210c-4487-b1b3-e3b16a1c39a0,Gee also lemony,Classical,China,2018
a5fcbcfd-1355-40ed-90b6-2f30833e0f58,Dive those newspaper,Electronic,Colombia,2000
43245500-5ed5-4561-b3be-c6b3945fd01e,Modern,Rap,New Zealand,1923
e6cb623b-e278-494c-9644-c7d48775ba9e,Formerly first any moreover,Rock,Slovakia,1964
a8e160dd-c5a7-424d-b20f-279f28c50194,It it,Soul,Slovenia,1995
617d4cdc-cfad-45ab-8dfc-9db2edb730d7,His lighten despite for,World,Serbia,2000
2cdd27da-75ce-42b0-b017-519d85f4b3fa,However it favor,Reggae,Norway,1949
ba275e0b-fef0-4ea6-a57a-2f77e875d746,Upset each,Trance,Brazil,2016
c3470011-73e7-43f4-b67d-ce0f342199ec,Can whose as,Ambient,Belgium,1981
8b7e4040-c494-4e99-94ad-c64948dd54d2,Must yesterday addition,Hip-hop,India,1926
7bc31cbf-0283-4d33-80a2-7ecaee818b3f,How,Hardcore,Germany,1965
8d14b7df-5c65-482d-8b19-0e8e8d7ce904,Infrequently safely,Funk,Ukraine,1996
51e1cbcb-9534-4c6b-9b8f-14ef0e1c2ac6,Numerous,Trance,Austria,2007
26d6fd72-f290-411e-95d7-9af9a29c6692,Our you whose crime,Alternative,Austria,1996
294b093b-a647-4bbc-b0a7-573ad2078acc,In an into bunch,R&B,Philippines,1965
9a36e956-32c4-4290-96f2-75e6eedf89f4,Generally hey one string,Blues,Ireland,2006
558eab7d-5f3f-4d71-8b1f-a6893bfb27c1,So afterwards,Soul,Ireland,2008
3d1fcc43-bbe1-4c8a-9acc-a27cf3c27010,Huh a several,Electronic,South Korea,1970
cd95278e-3133-4317-b01b-f558382a3ec3,She justice palm circumstances,Rock,Slovakia,1930
7a1a546b-6a74-49a7-8c6e-9f2fb88d9e75,Team previously his,Funk,United Kingdom,1976
af0bbbaa-478d-47ac-bba0-94c5be007a89,Her relieved,Musical Theatre,Romania,1960
4d3a2024-9c46-48d5-83b2-755441ee38a1,Awfully all yesterday they,New Age,Singapore,1954
9f687cf2-301b-46e2-97fa-27163df5f3ee,Somebody several themselves,Pop,Denmark,1991
272e5d48-afa2-4dc8-9d59-94a4e402af27,Religion some,Trance,Turkey,1953
0170c5c6-4f75-410b-802c-25de65a1be6f,Yours way much peep,Alternative Hip-hop,Singapore,1927
35d1dc36-0b27-4d50-a81a-2a9216e32259,Of,Traditional,France,1975
3101f04c-004a-40fc-a224-e5f07726a91c,It his abundant,Rock,Sweden,1941
b8508a3a-0284-447a-98ae-71ab5d499c43,How since humour,Latin,Mexico,1921
bb305693-328b-47e8-97f0-cb3a4db80c71,Yours tame,Latin,Canada,1951
d5eff396-e90d-4e4e-b97d-28d55631b576,One cloud tomorrow,Disco,Saudi Arabia,1926
cf130017-cd3b-49da-8c96-7b4203a29202,Some,Rap,Argentina,2018
63d5b81f-7f73-4771-ae44-95fbbc364fc5,That than above,Rock,Germany,2016
c90a5c73-0c7c-4c0b-9570-3dc1116fdbc9,Over Freudian,Celtic,Ireland,1969
6bd7ed62-1349-47d7-aa9e-737826bc10e4,Person it hair,World,Thailand,2002
552321a2-99ee-4204-abfd-9ab098b8d8e6,Violently here choir,Dance,Netherlands,1985
14322b77-fbc1-40fa-a821-5215aebe7edc,Wow,Metal,Serbia,1987
9b4ff059-4459-4f08-b333-7b93635bd560,Perfectly instead his case,Musical Theatre,Finland,1961
f7eb0fdf-96a7-4a59-98b2-9a7f0ca87f92,Another,Alternative,United Arab Emirates,1997
b8b3a510-c14c-4506-8286-47beeca7b691,Any theirs really yikes,Dubstep,Vietnam,1943
591941fc-0e4c-4ff0-a69f-52017332d812,Bunch,Folk,Australia,2009
287ff1db-af2f-4bb1-87ef-a69ff9d7b1a2,There,Metal,New Zealand,1934
3491a3b7-7e38-487a-a5c1-04b0838bcdb2,That we whose above,Celtic,Romania,1928
e4ab4a23-727b-4a88-929c-44383a3a9ace,How rhythm,Reggae,Norway,1996
debc92a1-3cc3-426c-80f7-4a5639a9547f,Above,Alternative Hip-hop,Slovakia,1920
9d45bec4-d011-4fd1-bafd-13117ed6816e,Any Somali,Lounge,Philippines,1923
957a7eaa-655f-494e-a4d5-9f00ef8f9ad3,Somewhat where whoa her,Ambient,Sweden,1954
8238785d-dee4-4d36-a794-95f3329a871a,Over host it,Folk,Romania,2004
c7e2bd1f-b83f-4db0-b934-2aac81b0ddc4,Where where,World,Germany,2003
b74c69a5-44cb-468b-a6bc-86be9a6cccc3,Mine swim theirs,Pop,New Zealand,1958
15c386f3-99b4-4c6e-b59f-32cbf3b4ec33,Provided,Hard Rock,Denmark,1979
1921ef37-82a5-4fc3-b174-45e1144a9c61,Patience abroad shop,Folk,Greece,1937
354e109a-f53a-4f0d-9777-9ee2fb4f56f2,To by,Alternative,Bulgaria,1989
b6b0cd6c-4dab-4f36-a3c1-33ff02d261e8,Hence for may,Latin,Greece,1931
dff6c4fe-8e6b-4828-9fc2-655716be03a0,Recklessly,Funk,New Zealand,2020
62bf9a23-b748-4bc3-aa87-dbf8064c08e6,Nest,Psychedelic Rock,Ireland,2007
faca3294-f572-404a-b8db-9045d428ddcf,Lots aha Vietnamese crawl,Synth-pop,China,1970
3530044c-5361-4888-a1ed-00bf4504ee81,Some them to all,Electronic,Canada,1920
5f520140-7c20-4662-abfd-852ba6ac22ec,Quarterly afterwards place,Psychedelic Rock,South Africa,1935
73724f07-8a59-4503-8960-0e110f6b3e10,Which quarterly,Alternative,Ukraine,2006
12cb14af-62a8-49ae-8b71-f8b2d5978843,Of empty,Funk,Bulgaria,1979
5c69372d-b082-4c21-a897-b84867a60b8a,Which ours,Hardcore,Denmark,2004
75ed25b3-8510-4b5c-8437-58b50b68975a,Beautiful any meal,Latin,Portugal,2015
f8caa5c5-554a-48ac-8439-cac2dbadaff3,Not problem,Dance,Netherlands,1923
9e1ec344-9120-46c1-b543-912468d50aa7,Can thoroughly in,Dubstep,Norway,1928
468c8895-60bb-4681-a7e2-67e726df8ea9,How Uzbek consequence sugar,Lounge,South Africa,2024
c25cc18b-5757-4865-916e-ead50b602bf5,Whoa he tonight farm,Jazz,USA,1969
4ea0dc80-741c-4d88-966f-f77a2d721508,These its,Progressive,Czech Republic,1985
20a7ab26-0209-4e70-8d22-21cc8c9fad88,Onto all dynasty,New Age,Spain,1957
8d3c9c7a-e8e0-4a8a-8cf4-892a1cac5526,Ourselves whom,Gothic,Slovakia,1967
75d68e3f-145b-458b-8f6c-ae5f124f664c,Its yay,R&B,Singapore,1932
75eccd7e-6801-415a-b623-3af2cf51c68b,Vilify since now,Reggae,Brazil,1944
33ef6f7b-03b6-412d-a231-0cd7fe0fe267,He it but that,Techno,Vietnam,1963
3028da87-5982-4083-b5df-4622423c8312,Those agreeable afterwards someone,Synth-pop,Ukraine,1953
a4ab42b8-559d-4317-9dbd-df1f1c000a55,You silence yellow is,Funk,Hungary,1951
b18d9def-2117-4e5a-ba2f-ed736d92946f,Moreover yearly our to,Latin,Colombia,1922
8dec2ccb-cc23-4352-a093-18e736ed709c,Example in then,Dubstep,Finland,1996
58a64c07-f235-4444-92b6-4b239c74bd48,Yet person wad,Hardcore,Malaysia,2024
15b81956-4a8c-4cb5-9258-3dd4d63ce22e,Weekly,Celtic,Argentina,1944
0ef64726-7cee-47aa-8bed-70529dc6ac08,Which cheese consequently already,Rap,Sweden,2004
fb86e9ad-9fdb-4694-b4ca-439ba3bb4b1b,Downstairs bale these,Disco,Japan,1947
53920eb3-a754-421b-a0ae-1ad76f60ae5d,Instance tribe limp traffic,Blues,Slovakia,1977
200d3a78-35c0-415d-8cb0-520e8fc8434d,Hardly first kiss usually,New Age,Thailand,1996
0af33ee2-23d2-422a-8366-1035fdbfb7da,Wearily hourly,Classical,Norway,1976
6c8d598e-f50d-47e0-ac35-0fea857bd5a4,Us,Punk,France,1962
404ed4bb-610d-4bec-8733-0dfc6ffbe47e,Mine,Ska,Serbia,1973
b97d7317-07e5-439b-bda1-8b900ace1bdc,Cautiously now plate,Funk,United Kingdom,1989
90400a66-f69f-4970-b727-a094d6715f0a,Does life joy,Alternative,Brazil,1927
7bee8c5f-7b6c-43fb-954f-a26e1d8ee8aa,We,Punk,New Zealand,1931
6f4fd035-97b3-426a-9e80-eb7844122db2,Hers innocence bow,Celtic,Serbia,1987
d522cf80-392c-4adf-8ccc-0dbcf473e421,Still,Blues,Austria,1983
d33dbe2e-5374-4681-bf04-1ee2b7574a69,Politely,Psychedelic Rock,Canada,2004
3684a945-ce9a-4f27-8b1a-f5d13af1454f,Sadly care will,World,Thailand,1971
af196c79-f7ee-451b-90fc-1c345c1b3f55,Those unexpectedly,Alternative,Croatia,1990
55ccd825-861b-4b3c-9b10-dd994089f67b,Our that do sprint,Latin,Spain,1925
b7c1bea9-221c-4479-9493-cf3279da3bcf,Perfectly,Progressive,Austria,2019
ee9560b9-8851-4042-ac04-6e22ee60aa80,Nothing,Electronic,Saudi Arabia,2017
0c25075b-5500-4273-8812-54aa6eb91914,Above monthly my,Reggae,Poland,1961
4c25518a-e464-4002-9c49-104d3d8c242a,Chinese armchair why,Jazz,Philippines,1939
c54a196b-10c0-45e8-9bab-9255fda57585,Besides his,Synth-pop,Italy,2006
c30b8e7e-093f-497d-bf00-26a929373a19,Another all,Psychedelic Rock,Russia,1966
fe3ab52b-1b62-4496-9499-7ccb92f16b5b,Place had phew,Country,Finland,1999
0e4f9b83-3f73-4f99-af59-53fd1625b545,Angrily consequently of,Latin,Bulgaria,1981
ec67ff6a-5a64-48dd-aabf-492b6c47ff9d,East its utterly us,Dubstep,India,1931
05327822-c6b7-439e-8bf2-a3883409eb8f,Theirs,Metal,Belgium,2008
2eb98e4e-8d0e-4e5a-ada5-0dfb779a8335,Enable,New Age,Sweden,1976
c2ceff44-29da-4b12-97e7-394f5945fe39,Pack,Celtic,Austria,1980
0820a7cb-5b55-4c9c-99f5-60b134e98c3c,Myself,Alternative Hip-hop,Israel,1951
f7d32553-644c-45af-afb4-669592d0ce23,From,Lounge,China,1920
eca34be5-824a-47af-a61a-719ba9887975,The behind,Lounge,Philippines,1973
af026e4c-b194-49a9-8a0d-5274583871a3,Themselves,Country,Malaysia,1963
d6f0400b-0edf-4e8b-8b68-62f1a4348b3e,Covey those laugh,Musical Theatre,Hungary,1965
212cd1f7-ff42-433e-8af6-144d1a84636e,The any problem,Soul,Denmark,1932
115e8404-6cfe-404c-afd0-b5c863afb452,Our remove whose highly,Soul,Israel,1950
62a719c3-10da-44c8-af7a-7be65dbbb535,Which school,Classical,France,2022
017f956c-3b1c-45e3-8301-b659b950547c,Begin behind house his,Ska,United Kingdom,2007
16a2a191-9573-43d6-83be-4280b4b2b053,Indeed those,Ska,USA,1962
70add9c3-e6e8-4ee1-b821-67f61bd4d2e1,Constantly moreover you mob,Alternative,Greece,1998
069c7923-5f55-4435-ad54-87d2e775cb5c,Example whoever massage,Traditional,Finland,1992
4b1d5d43-3887-42b3-9d43-22fccebf62e4,In group plain,Synth-pop,Hungary,2024
31b5c4ac-5b2d-4a7f-9103-3df67fbd05c6,For today snow,Crossover,South Africa,1975
6f828f07-4505-4266-adbc-e0b9a76b5ea1,Inside does,Blues,Saudi Arabia,1994
5722f431-d7c1-48e3-ac6a-e77a4d987a24,Rarely your brace,Blues,Italy,1976
20d31919-62e6-4c9e-9b66-bd4978baabf0,Firstly enough fast,Celtic,Mexico,1948
921f2242-1b7f-46dc-ac8a-efed0ad7927b,Perfectly whenever,New Age,Belgium,1967
d4e6330a-fc6f-4503-b13d-30ee714921a6,A Kyrgyz kettle where,Dance,Ukraine,2011
4895067b-b1e9-4513-953c-c0bf1e2d6434,Account lastly occur some,Alternative,Thailand,2010
a5b209ae-1927-4402-af82-5ac8b5ec3f2d,Tweak but basket,Folk,Colombia,1990
b08058f3-d85f-437e-83ed-5ee0c06c3cf2,Some goal,Musical Theatre,Russia,1939
eb75d319-a203-4b1a-a6eb-bd4d1a864af2,Themselves sew recently archipelago,Funk,Belgium,1951
8756f05f-34c7-4b5b-b66b-300716717b46,Some disappear near,Acoustic,Singapore,2018
5f1987c2-80e6-4ba4-b8ad-6c1630f9a7fc,It,Electronic,Slovenia,1934
002a7356-43ac-41e3-b5a2-4e0f19e25544,Yourself,Alternative,Romania,2014
05c1014e-8cdd-41bb-925b-9aca32236d2c,Nightly infrequently here before,Acoustic,Philippines,2021
757c4cb5-1778-42e4-b2ec-b99c30e56895,These,Country,USA,1999
e65f17fd-31b7-4e11-9b20-1bc8f82c552c,For is cackle should,Disco,Chile,1922
025a69db-9453-4ef5-9e70-5198981179ef,Fact despite with,R&B,United Arab Emirates,2008
eaa61aea-7269-4a1b-a4a8-eeffeaad765a,At,Soul,India,1986
44045454-f12c-4d31-a8c4-2bf0fdab9fb7,Therefore up whenever,Synth-pop,New Zealand,2023
a2b34803-f55e-4bdc-b9ff-7caf99f7cc2d,It that,New Age,Malaysia,1931
868bafd3-0ff4-4b30-a775-143289e8867b,Usually,Ambient,Czech Republic,1931
34ee114e-f17d-4a86-b3a5-1dddf4774b2d,Early time,Hardcore,Malaysia,1958
24f55460-cdb2-4ecf-aa39-3b8306c31f9b,Am hers,Hard Rock,Hungary,1945
31b5f833-d999-448a-8c0a-45b769442efa,Monthly,Blues,United Kingdom,1968
a2d791f6-fa4f-4cb5-b940-9a6cfb155480,Many now then,Hardcore,Argentina,1947
10c085e2-bdd2-415a-a46e-b06011ffe8c9,It had since,Hardcore,Italy,2000
5b929a6a-6e71-4411-a548-8263ad775770,Plan certain still are,Chamber,Slovakia,2008
9d0272ca-86d6-45a9-a401-a929e9672197,Key neither,R&B,Serbia,1968
d55cd44b-c80a-4e74-90cd-e864a5bbba88,One friend over their,Hip-hop,Bulgaria,1981
28d5cc1a-555d-4567-869d-ac44614d4563,Up finish,Crossover,Singapore,1931
da8c7d09-a5bd-49b8-9ec4-aa74a3245966,Regiment besides,Lounge,Ukraine,2003
f50e9c23-05f4-4019-aeb9-896d147c3e7c,Dog hall world onto,Gothic,Finland,1944
4828db93-747c-4826-b8ae-bbb5045d45c1,Homeless tail regiment,Musical Theatre,Netherlands,2013
f949fc6e-cf6a-4600-8293-376d47105c47,Words,Indie,Thailand,1941
d028806a-be07-452a-89bc-d46e96b280be,Himself before posse,Pop,Croatia,1949
e9561cea-4058-488e-b517-4261be536e70,A,New Age,South Africa,2001
a0692d4a-d8e5-4d68-a515-0910b2808b2a,Shall monthly forest,Techno,Germany,1943
51a3c53d-cbcd-4ea4-a0ca-19e1a8658848,Courage,Chamber,Bulgaria,1965
083fb5bf-42aa-441c-9596-7bcbdce2fa73,Whenever where,Indie,Canada,1954
fea63878-634f-4a59-b7f0-fb73ccfc529e,All which pride hourly,Dubstep,Ireland,2017
4ae121cc-845c-4661-bdc7-b666ccf955a2,From thoroughly line nobody,Hardcore,Mexico,1961
7bce9632-1945-4257-a591-0833767b7564,He,Acoustic,Italy,1942
8286550f-1eb8-4e68-9b19-e184a55d9a0c,Those thing case,Country,France,1958
4a9d1a3a-d1bb-472d-a519-88c6c8d553c3,About,Lounge,Spain,1959
b8f8ebae-903c-47be-ad85-8636f0dc7b9c,Must our,Musical Theatre,Philippines,1972
0923651e-be9b-40d1-a7b2-6594dddf851e,Nearby,Jazz,New Zealand,1960
4acb4573-88cb-435b-9a9d-8d06a0a4d742,Every normally,Punk,Italy,2011
50d3b340-0eb4-485b-ba42-05843f142429,Those,Indie,Brazil,2022
6b180b6d-ed5b-43c8-b243-2a2a04da3e66,I,Chamber,Spain,1955
9adbebbe-14c6-4725-a803-ae9ce20fb752,Harm now distinct why,Acoustic,Chile,1926
338610eb-2505-454f-bd91-0cc918ff6fdb,Light,Country,United Arab Emirates,1937
ddb6b797-9509-494d-b503-dda733ca0232,Yours,Punk,Hungary,1980
1c37138e-2353-4f4a-889c-05fa946c577d,Intensely where we,Hardcore,Austria,2004
938bc159-0e82-4901-81d3-67c4bf6d4db6,Which out,Traditional,Romania,1956
ba59cabd-3847-49d2-8712-0eaef5d2bbdd,Yay,Lounge,Argentina,1927
08eaf3ce-9e02-4437-9a5f-b9e25f4cc31d,Whenever strawberry,Ambient,Malaysia,1922
3c75f0a8-156f-438e-8b46-7d122a818384,Most indeed line,Punk,Denmark,1956
14b00889-bc20-40b3-a765-bb1d017870cf,Several frequently party,Soul,France,1990
14559a69-3af7-480e-938a-734d10380042,Below other,Acoustic,Chile,1959
ced4a719-8956-4946-9614-adc4e02d87e2,To this,Dubstep,Italy,1990
e6dba2ef-2675-40cb-89aa-f62832d21dd0,Tasty us enough,Rap,Finland,1952
ddd6c095-3008-426c-bf55-c9da051cd8c1,This do,Reggae,South Korea,1995
7b7e963b-129f-4057-9b92-08e564ec4af4,Afterwards those,Ska,Slovakia,1982
fff18847-8520-403b-aa0d-34013dfe109e,Rarely,Traditional,Belgium,1962
02953166-4d02-475d-b694-923aa5bd1302,Before today that,Metal,Israel,2012
fd1022bf-17b6-4649-87c2-78898f2ff72d,Is,Funk,South Korea,1988
38ca29df-97fc-417f-b4d1-0e8b9ce884b6,Yesterday,Soul,Poland,1950
442b863e-a0ad-4f1c-bdfc-4d2b36d8e645,Why many to deceit,Progressive,Australia,1949
c3100947-2b09-466e-88ac-7a16d63bbb22,Previously outside barely to,Folk,Romania,1948
233bee15-f495-4ae2-9103-a30dbdcde077,You concerning inside,Hip-hop,Bulgaria,1933
bff3f23d-2d38-4f36-9326-bcd6ceecc43a,Fairly,Electronic,United Kingdom,1926
dab3fcca-8677-4757-a3bd-e5112f201c07,Choir daringly victorious of,Dance,Spain,2009
1a2085d7-6107-4317-9806-96732ad2b983,Gang knit myself,Metal,United Kingdom,1986
11126556-e5c0-4fb2-8a1e-1f9866bb125e,Ourselves according yay,Acoustic,Mexico,2015
029b136a-631f-4965-b86a-cb58ab48be84,Otherwise machine,Progressive,Poland,1955
b3acbb04-5bb2-446c-9b9a-77afa241f525,Alaskan weekly music,Dance,Thailand,1963
6570202b-5535-457c-83ef-7b113c827b6c,Longue,Soul,India,1945
c567007f-8a79-4021-b784-995d37c87c98,Daily wow perfectly,Punk,Turkey,1954
637ac3fb-adcf-4ceb-a9e2-47f294b7f84e,Truck tonight still,Dubstep,Singapore,1944
8a88ced7-461d-4980-8cd3-2f4af7b6a622,First nutty,Reggae,Israel,2006
f6e3de8d-9021-46f4-a414-e283c4b94a59,Climb tonight,Reggae,Croatia,1966
b302490b-ee85-4d17-911c-a3f38d523279,Why dance other convert,Alternative,Greece,1940
b13e1ecd-f993-478e-a02c-703fe76eb18f,Between,New Age,Brazil,1952
cfcd820d-4a13-4e9a-8f0f-14be0eee3f94,Favor bathe example heavy,Acoustic,Germany,2015
1cc82661-a522-405c-927c-0551f0eedade,Mirror,Musical Theatre,Poland,2019
8658d237-014e-4430-9449-c30f797c71af,Casino Swiss,Chamber,Belgium,1938
03416355-7724-4885-8fa1-dfb8c5beecd8,Hastily Hindu foot ours,R&B,Thailand,1982
2939b888-72d9-4f6a-b24f-9459437e6fa8,Highlight,Soul,Belgium,1976
ab1ad2ca-2323-4790-9adb-6b29e9f0d65c,She,Hip-hop,United Arab Emirates,1993
9f1174b1-4d2b-4a26-a094-62f1f7e2e1c7,Depending regularly,R&B,Mexico,1982
bfe75976-a973-4538-8845-2b1ab8c86b80,Themselves healthy,Dance,France,1952
f25ed4ee-d839-4bbb-9ff7-97484549182d,Regularly,Metal,Denmark,1950
21dec5fe-4726-4c98-9d35-88b5c792e8d8,Week obesity the,Rock,USA,1981
75c72f68-0f8a-494d-8844-ac44290fdcf4,Bermudas herself those,Funk,South Korea,2024
bd65431c-9fa8-47bd-b62d-85a6f7d80b61,Of gold monthly nearly,Hip-hop,Netherlands,1934
38691003-f9c9-4c83-b126-44bf02d7195e,Pacific belong,Rap,Portugal,2010
7d34c1bf-4af5-4a62-8d97-c9c51a611b7c,Squeak whose us,Acoustic,New Zealand,1939
9a222b8b-d8f4-4e22-8129-4771634f5ed9,Scarcely joyously,Punk,Serbia,1961
21052a33-ec70-42f0-83c4-89c76609f147,Someone life,Dance,Switzerland,1946
ef88fc55-2870-41b5-bce9-dfa46b9fc2e1,Pink,Indie,Netherlands,2001
cec7ff4e-197d-4733-9a1a-7b0a596369ee,Dig,Lounge,Sweden,2018
59346aa8-058f-4eb9-9c23-068cf290279f,Previously collection way,Hip-hop,Switzerland,1999
111b0819-b324-4c77-8374-e6b56ac189fd,Them,Trance,India,1988
89b553ef-a845-4cb9-ae1b-a17a7536a25d,Each life frantic shirt,New Age,Ukraine,2002
9da08990-99a4-4c45-b5bd-486a751ad8e2,Hmm,Pop,Greece,1931
a42ac4d5-55aa-4424-9c5f-90f7be25c3f2,Whom anything they,Soul,Malaysia,2015
c4b693bb-f912-4a66-8ca0-c6bb162a43d6,Sneeze this,Alternative,Japan,1971
7160539c-c4ad-4e78-b839-49b2c8c4e755,Furniture mine could,Crossover,United Kingdom,1993
5a3d276e-b8db-4da9-bdd2-b818e24b4187,Himalayan their the another,Musical Theatre,Netherlands,2020
6d161858-0a3d-4134-91f1-449bc520ec86,Despite nightly,Celtic,Poland,1970
2cedad40-84e4-4d3b-bb08-d62709204edd,Chest in,Musical Theatre,Brazil,1979
92fd2d8f-05a5-4204-bff3-72a5dfd551a1,Sleep then,Psychedelic Rock,Brazil,1935
626c95ef-49b5-40d1-adce-f5c3183e68e2,Red,Reggae,Slovakia,1978
ea30282d-4bcf-426e-86d9-cc22c1ff23dd,Fantastic fortnightly turkey,Pop,Italy,1961
6cad657e-c9cc-4b0a-bb84-99c5bdb837a1,That hence finally,Gothic,Brazil,1963
3a868540-876c-4e93-9042-e632cfeda50e,E.g. besides then practically,Lounge,Finland,1974
44742ab8-4187-4501-a8a1-bfcf4e09b736,Bowl from these,Celtic,Argentina,1991
3af04ffb-3857-41d1-a4d8-77689ce16809,Uzbek quite heavily,New Age,Slovakia,1983
fea82cf6-15da-41c3-bf47-66b023b1ba5c,Can provided murder twist,Progressive,United Kingdom,1954
be3eb3d1-3643-4a55-b646-f03fb4d99c9d,Scold,Progressive,Israel,2011
714061fc-ea03-40a4-bad3-d8f08095f409,Unload calm could,Country,Turkey,1925
d5ec7a2b-bdf2-4aa4-9f1e-db66432d2f57,Below everything greatly,Celtic,Slovakia,2012
e024e7e5-9282-4a67-adb3-ff0d7b2e0840,They,Latin,Finland,1927
51ff35c8-5de3-48e4-a0b3-95dc724ce1d1,Which moment ourselves,Chamber,USA,1995
9cec8c30-2895-4781-9931-d8f937e77357,Rarely pray huh,Traditional,Mexico,1956
24dc8a62-bf74-44c6-93a2-6f7a8705c299,Indonesian hundred goodness,Alternative Hip-hop,Portugal,2024
5c98e53c-c439-4f56-926a-ffa43424dea2,Shall,World,United Arab Emirates,1979
f6ee6c16-6125-46cb-b661-2e83eb071b49,Ours them,Techno,Australia,1989
bedf9df0-3a02-4028-a5df-08d90b057e9b,However early several bright,Reggae,Norway,2016
50a150d9-857a-40ed-b07c-5454ada74c25,Whichever otherwise,Country,Sweden,2008
3bac9542-0ccd-4d87-8083-45e5fc23199b,Case they later ever,Soul,Philippines,2016
ac137bdd-8ac6-4664-8496-520c4e4b176d,Nobody,Latin,Vietnam,1986
24b09d01-0480-4564-ad92-a1b1abc61849,Next tensely everything eventually,Blues,Thailand,2011
8241361f-b41f-4c37-aff0-53b6c05c99f6,Company,World,Russia,1926
29cc68b2-ad80-448a-a02f-a9e8ba7b5587,Cup caravan who itself,Dance,Mexico,1966
eac54cfb-a620-4494-a8a8-859aac27821c,Due from,Folk,Malaysia,1937
57300897-13da-412b-a3b8-468c000c7d4d,She accordingly Spanish,Crossover,Mexico,1980
9bc26d85-0ff1-43e4-a717-f23f1ecf093b,Since hmm out phew,Techno,Philippines,1982
517b7ff1-8536-4f41-93d4-5292e5763a93,Here dunk noisily,New Age,Switzerland,2017
67ceed97-5512-4e7a-a345-96dc6199c981,Out at issue been,Lounge,France,2015
7d77947f-61b1-49bf-b139-bf3194911a4d,Close spell,Acoustic,South Africa,1987
553f28bd-ef7d-4abb-b952-0478ca3eef25,Why,Psychedelic Rock,Malaysia,1970
57e43287-e3fe-4184-9dc6-98bb8246a8de,Musician him their,Rock,Israel,1961
f240f32c-e7ca-4a06-96b8-58b3d1f75404,Ours to,Ambient,Singapore,1939
32754c57-fc01-4061-a5db-078fa57488c2,Party leap in,Pop,New Zealand,1978
58f96319-37ba-4c9a-b24e-4430eb4ca363,Same over soon occasionally,Soul,Germany,1937
5fef75ef-ec42-4ec4-9634-c9dfaa2fb51f,What,Traditional,Israel,1949
4f3e45f7-7a8b-4682-925a-8713678a7f31,Fiercely fortnightly with,Psychedelic Rock,Mexico,1954
93e4dc88-9f06-4126-b1aa-e6aa5c0ec800,Why quarterly rarely their,Soul,Mexico,1996
2e35081a-f861-4038-aab9-986e0ee5651c,Might catalog tomorrow,Disco,Hungary,1988
9d047abb-6ddf-4685-9d6c-978cc672d601,Plant hundreds,Rap,Czech Republic,1938
207ad8dc-e470-4eb8-a8d0-005103f902bd,There yesterday completely,Pop,Colombia,1979
10a4b2a0-c02d-4c72-bc4f-611569c8f3c9,Being theirs that itself,Ambient,Portugal,1968
b48c0918-ec10-404a-90b0-137881bd82ba,Outside monthly inside,Ska,Norway,1979
b3056e95-80b0-49a3-ac05-eab7750d7ada,Most in huh Lebanese,Hip-hop,Poland,2015
f4a270ee-59dd-496b-b09a-a126a5dc84ba,Nightly which to thing,Alternative Hip-hop,Spain,1974
dba21299-4805-470c-bc26-ceb067b9221b,Him less those,Jazz,Slovakia,1984
3eb2feb6-8503-4f74-8990-63503a9fb48c,Enough does her yours,Rap,Netherlands,1981
0a67b9c1-4c68-42dd-8eda-0006a619bfd5,Listen pounce quarterly to,Dubstep,Sweden,1951
79a0de22-28d6-439a-8bd6-f0be71d4d322,Brazilian its nightly,Rock,Belgium,1962
26663eda-2f77-4d19-8c18-5a3b5910c659,Delay conclude weekly,Hardcore,Portugal,2022
45821396-b785-4b97-a1f1-bf5812c58f50,College block up tomorrow,World,Slovakia,1978
b4b6d335-13b0-4166-a176-6929fd6ed51c,Patrol hourly,Pop,Switzerland,1980
31939a0f-e21d-4ef6-9a90-ce0c05e51ca5,Away,Lounge,Spain,1972
31934ec3-d11d-4d16-addd-8072dac442b9,Whomever,Ambient,United Kingdom,2013
b18f242c-3bb9-45e5-832a-286affc3acab,Most then his,R&B,Turkey,1977
69819faa-4e7a-4cf1-87d6-5716b5e4bb94,Upon,Lounge,Hungary,1944
dbf423f6-d0be-40f8-b7c4-39cab554ed3c,Ours some hug,New Age,France,1945
b6bbcaff-57bf-4683-9b12-63899b2732cc,Queer,World,South Africa,1989
